product,price,Data
Got Data Funny Business Data Analyst T-Shirt,19.99,2/2/25
Got Data Funny Business Data Analyst T-Shirt,19.99,2/2/25
Got Data Funny Business Data Analyst T-Shirt,19.99,2/2/25
Got Data Funny Business Data Analyst T-Shirt,19.99,2/2/25
Got Data Funny Business Data Analyst T-Shirt,19.99,2/2/25
Got Data Funny Business Data Analyst T-Shirt,19.99,2/2/25
Got Data Funny Business Data Analyst T-Shirt,19.99,2/2/25
Got Data Funny Business Data Analyst T-Shirt,19.99,2/2/25
Got Data Funny Business Data Analyst T-Shirt,19.99,2/2/25
Got Data Funny Business Data Analyst T-Shirt,19.99,2/2/25
Got Data Funny Business Data Analyst T-Shirt,19.99,2/2/25
Got Data Funny Business Data Analyst T-Shirt,19.99,2/2/25
Got Data Funny Business Data Analyst T-Shirt,19.99,2/2/25
Got Data Funny Business Data Analyst T-Shirt,19.99,2/2/25
Got Data Funny Business Data Analyst T-Shirt,19.99,2/2/25
Got Data Funny Business Data Analyst T-Shirt,19.99,2/2/25
Got Data Funny Business Data Analyst T-Shirt,19.99,2/2/25
Got Data Funny Business Data Analyst T-Shirt,19.99,2/2/25
Got Data Funny Business Data Analyst T-Shirt,19.99,2/2/25
Got Data Funny Business Data Analyst T-Shirt,19.99,2/2/25
Got Data Funny Business Data Analyst T-Shirt,19.99,2/2/25
Got Data Funny Business Data Analyst T-Shirt,19.99,2/2/25
Got Data Funny Business Data Analyst T-Shirt,19.99,2/2/25